,Date,Songs_link,characters
0,"Aug 8, 2023",https://www.youtube.com/watch?v=MKrJVADW7T4,MKrJVADW7T4
1,"Premiered Aug 8, 2023",https://www.youtube.com/watch?v=C-Bp3_4VjMQ,C-Bp3_4VjMQ
2,"Premiered Aug 8, 2023",https://www.youtube.com/watch?v=kfSSwxS9aOs,kfSSwxS9aOs
3,"Aug 7, 2023",https://www.youtube.com/watch?v=NIKwvL4b0uE,NIKwvL4b0uE
4,"Aug 7, 2023",https://www.youtube.com/watch?v=GgMNrnJ5tcI,GgMNrnJ5tcI
5,"Aug 6, 2023",https://www.youtube.com/watch?v=nuaxkTOSPX8,nuaxkTOSPX8
6,"Aug 6, 2023",https://www.youtube.com/watch?v=z0vOhkzefCE,z0vOhkzefCE
7,"Aug 5, 2023",https://www.youtube.com/watch?v=OdzSxyowu7s,OdzSxyowu7s
8,"Aug 5, 2023",https://www.youtube.com/watch?v=CiwlhIiZtxc,CiwlhIiZtxc
9,"Aug 5, 2023",https://www.youtube.com/watch?v=0ZfJUjtEeG8,0ZfJUjtEeG8
10,"Aug 4, 2023",https://www.youtube.com/watch?v=PaTUh_adayw,PaTUh_adayw
11,"Aug 4, 2023",https://www.youtube.com/watch?v=3ihp0OpjD04,3ihp0OpjD04
12,"Premiered Aug 4, 2023",https://www.youtube.com/watch?v=I-_LHvTeVy4,I-_LHvTeVy4
13,"Aug 3, 2023",https://www.youtube.com/watch?v=xOHejhEwMDY,xOHejhEwMDY
14,"Aug 3, 2023",https://www.youtube.com/watch?v=3hVZ7tBOn08,3hVZ7tBOn08
15,"Aug 3, 2023",https://www.youtube.com/watch?v=VHlYqwNM7k8,VHlYqwNM7k8
16,"Aug 2, 2023",https://www.youtube.com/watch?v=WQEiXWuDrhs,WQEiXWuDrhs
17,"Aug 2, 2023",https://www.youtube.com/watch?v=Nc2p7FZBnDU,Nc2p7FZBnDU
18,"Aug 2, 2023",https://www.youtube.com/watch?v=tVNQNFwIa6I,tVNQNFwIa6I
19,"Aug 2, 2023",https://www.youtube.com/watch?v=6QpLsw4ki00,6QpLsw4ki00
20,"Aug 2, 2023",https://www.youtube.com/watch?v=zNfc-q_BF-8,zNfc-q_BF-8
21,"Aug 1, 2023",https://www.youtube.com/watch?v=IUffiaUue-U,IUffiaUue-U
22,"Aug 1, 2023",https://www.youtube.com/watch?v=2xg_luaPSnQ,2xg_luaPSnQ
23,"Aug 1, 2023",https://www.youtube.com/watch?v=qs-Kvkds1ks,qs-Kvkds1ks
24,"Aug 1, 2023",https://www.youtube.com/watch?v=_Hs5RhHZ9ms,_Hs5RhHZ9ms
25,"Premiered Jul 31, 2023",https://www.youtube.com/watch?v=AQEc4BwX6dk,AQEc4BwX6dk
26,"Premiered Jul 31, 2023",https://www.youtube.com/watch?v=UiUBPysceNY,UiUBPysceNY
27,"Jul 30, 2023",https://www.youtube.com/watch?v=f_W_l4hmodA,f_W_l4hmodA
28,"Jul 30, 2023",https://www.youtube.com/watch?v=F6ql3Aw53js,F6ql3Aw53js
29,"Jul 30, 2023",https://www.youtube.com/watch?v=DiV0sSjM12A,DiV0sSjM12A
30,"Jul 30, 2023",https://www.youtube.com/watch?v=bIAgVjk7wkA,bIAgVjk7wkA
31,"Jul 29, 2023",https://www.youtube.com/watch?v=eG40RRp0Zas,eG40RRp0Zas
32,"Jul 29, 2023",https://www.youtube.com/watch?v=fKfqHDdWKKU,fKfqHDdWKKU
33,"Jul 29, 2023",https://www.youtube.com/watch?v=YsCeMprm2O0,YsCeMprm2O0
34,"Jul 29, 2023",https://www.youtube.com/watch?v=Z2HJfQCtLQ0,Z2HJfQCtLQ0
35,"Jul 29, 2023",https://www.youtube.com/watch?v=46QxVICzPB8,46QxVICzPB8
36,"Jul 29, 2023",https://www.youtube.com/watch?v=T0d8uvpXq9I,T0d8uvpXq9I
37,"Jul 28, 2023",https://www.youtube.com/watch?v=EpdsVO9pt9g,EpdsVO9pt9g
38,"Jul 28, 2023",https://www.youtube.com/watch?v=7uBJEPh-mYk,7uBJEPh-mYk
39,"Premiered Jul 28, 2023",https://www.youtube.com/watch?v=4-30eu39wRM,4-30eu39wRM
40,"Jul 26, 2023",https://www.youtube.com/watch?v=2SuNLFYD41A,2SuNLFYD41A
41,"Jul 26, 2023",https://www.youtube.com/watch?v=RBOyjrXLQSU,RBOyjrXLQSU
42,"Jul 26, 2023",https://www.youtube.com/watch?v=Cybo2U_d0Xs,Cybo2U_d0Xs
43,"Jul 26, 2023",https://www.youtube.com/watch?v=DYNXlv0A3sE,DYNXlv0A3sE
44,"Jul 26, 2023",https://www.youtube.com/watch?v=prpJfiEmrmg,prpJfiEmrmg
45,"Jul 26, 2023",https://www.youtube.com/watch?v=Dm0Y_x6bOaQ,Dm0Y_x6bOaQ
46,"Jul 26, 2023",https://www.youtube.com/watch?v=8gbrGt4hbjc,8gbrGt4hbjc
47,"Jul 26, 2023",https://www.youtube.com/watch?v=FkgnpnzeKx0,FkgnpnzeKx0
48,"Jul 26, 2023",https://www.youtube.com/watch?v=cVHN-GFVtH0,cVHN-GFVtH0
49,"Jul 25, 2023",https://www.youtube.com/watch?v=oE40KlLhQQg,oE40KlLhQQg
50,"Jul 25, 2023",https://www.youtube.com/watch?v=-i3Ilas24X4,-i3Ilas24X4
51,"Jul 25, 2023",https://www.youtube.com/watch?v=IXa3sId1iF4,IXa3sId1iF4
52,"Premiered Jul 25, 2023",https://www.youtube.com/watch?v=OD1LhUu4bRI,OD1LhUu4bRI
53,"Jul 24, 2023",https://www.youtube.com/watch?v=k3wukPrf37I,k3wukPrf37I
54,"Jul 24, 2023",https://www.youtube.com/watch?v=KbjwyBaz6Fs,KbjwyBaz6Fs
55,"Premiered Jul 24, 2023",https://www.youtube.com/watch?v=rB5QPIP5H6k,rB5QPIP5H6k
56,"Premiered Jul 24, 2023",https://www.youtube.com/watch?v=uSb0M_UQE1o,uSb0M_UQE1o
57,"Jul 23, 2023",https://www.youtube.com/watch?v=WzuIcK4IxA0,WzuIcK4IxA0
58,"Premiered Jul 23, 2023",https://www.youtube.com/watch?v=R_mkSrAqZcU,R_mkSrAqZcU
59,"Jul 23, 2023",https://www.youtube.com/watch?v=t_zPMR4sVsc,t_zPMR4sVsc
60,"Jul 23, 2023",https://www.youtube.com/watch?v=Xw-DrzO0dts,Xw-DrzO0dts
61,"Jul 23, 2023",https://www.youtube.com/watch?v=hUscd_dkDcs,hUscd_dkDcs
62,"Jul 22, 2023",https://www.youtube.com/watch?v=cBYLONr-e_Q,cBYLONr-e_Q
63,"Jul 22, 2023",https://www.youtube.com/watch?v=iqhkp6339r4,iqhkp6339r4
64,"Jul 22, 2023",https://www.youtube.com/watch?v=wH2w6ZmQOgA,wH2w6ZmQOgA
65,"Jul 22, 2023",https://www.youtube.com/watch?v=-OAvyoQryfg,-OAvyoQryfg
66,"Jul 21, 2023",https://www.youtube.com/watch?v=91JLKbSrOXw,91JLKbSrOXw
67,"Jul 21, 2023",https://www.youtube.com/watch?v=7WXRZNScpeQ,7WXRZNScpeQ
68,"Jul 21, 2023",https://www.youtube.com/watch?v=O9IOitkCFHI,O9IOitkCFHI
69,"Premiered Jul 21, 2023",https://www.youtube.com/watch?v=aXojslK7w4I,aXojslK7w4I
70,"Jul 20, 2023",https://www.youtube.com/watch?v=PyHd2Ev9h10,PyHd2Ev9h10
71,"Jul 20, 2023",https://www.youtube.com/watch?v=ayCVOiWafis,ayCVOiWafis
72,"Jul 19, 2023",https://www.youtube.com/watch?v=s0hkdwqBzOo,s0hkdwqBzOo
73,"Jul 19, 2023",https://www.youtube.com/watch?v=0XeFIQz1yB4,0XeFIQz1yB4
74,"Jul 19, 2023",https://www.youtube.com/watch?v=w_c4pLFkIUA,w_c4pLFkIUA
75,"Premiered Jul 19, 2023",https://www.youtube.com/watch?v=OJuUNZBJ50c,OJuUNZBJ50c
76,"Jul 18, 2023",https://www.youtube.com/watch?v=CKAbdB6k4hk,CKAbdB6k4hk
77,"Jul 18, 2023",https://www.youtube.com/watch?v=vMT4ogwVV_o,vMT4ogwVV_o
78,"Jul 18, 2023",https://www.youtube.com/watch?v=L0pmGr3e2NI,L0pmGr3e2NI
79,"Jul 18, 2023",https://www.youtube.com/watch?v=og-umnezR-U,og-umnezR-U
80,"Premiered Jul 18, 2023",https://www.youtube.com/watch?v=1sP8ZpeM0Ak,1sP8ZpeM0Ak
81,"Premiered Jul 18, 2023",https://www.youtube.com/watch?v=ieUizW7b0ko,ieUizW7b0ko
82,"Jul 17, 2023",https://www.youtube.com/watch?v=QaKpeRxaZxM,QaKpeRxaZxM
83,"Jul 17, 2023",https://www.youtube.com/watch?v=kqKe6sZYg6I,kqKe6sZYg6I
84,"Jul 17, 2023",https://www.youtube.com/watch?v=Qy_nZNsfrIs,Qy_nZNsfrIs
85,"Jul 17, 2023",https://www.youtube.com/watch?v=HAR4U53oo7s,HAR4U53oo7s
86,"Jul 17, 2023",https://www.youtube.com/watch?v=nA65wBvSIGI,nA65wBvSIGI
87,"Jul 17, 2023",https://www.youtube.com/watch?v=sf5soB47vUk,sf5soB47vUk
88,"Jul 17, 2023",https://www.youtube.com/watch?v=uCrBL-8qgFo,uCrBL-8qgFo
89,"Jul 17, 2023",https://www.youtube.com/watch?v=vXv8FZuvJ08,vXv8FZuvJ08
90,"Jul 17, 2023",https://www.youtube.com/watch?v=H0VUX01HG6w,H0VUX01HG6w
91,"Jul 17, 2023",https://www.youtube.com/watch?v=pR9ShV1TXks,pR9ShV1TXks
92,"Jul 17, 2023",https://www.youtube.com/watch?v=rJaUNuhRu7g,rJaUNuhRu7g
93,"Jul 17, 2023",https://www.youtube.com/watch?v=xPxNXWvDmaU,xPxNXWvDmaU
94,"Jul 17, 2023",https://www.youtube.com/watch?v=kgibSvXqQuI,kgibSvXqQuI
95,"Jul 17, 2023",https://www.youtube.com/watch?v=pSw1kc9kWeM,pSw1kc9kWeM
96,"Jul 17, 2023",https://www.youtube.com/watch?v=753-gCWtYcM,753-gCWtYcM
97,"Jul 17, 2023",https://www.youtube.com/watch?v=BYbq0TQO24o,BYbq0TQO24o
98,"Jul 16, 2023",https://www.youtube.com/watch?v=A09O3AtLvu8,A09O3AtLvu8
99,"Jul 16, 2023",https://www.youtube.com/watch?v=E6s0XVrfpKk,E6s0XVrfpKk
100,"Jul 16, 2023",https://www.youtube.com/watch?v=Mp88CJtNPwQ,Mp88CJtNPwQ
101,"Jul 16, 2023",https://www.youtube.com/watch?v=xwSRrPCOMZk,xwSRrPCOMZk
102,"Jul 16, 2023",https://www.youtube.com/watch?v=d18QdQhpxu8,d18QdQhpxu8
103,"Jul 16, 2023",https://www.youtube.com/watch?v=s6-t2ckprGw,s6-t2ckprGw
104,"Jul 16, 2023",https://www.youtube.com/watch?v=tnxGPvZcOWk,tnxGPvZcOWk
105,"Jul 16, 2023",https://www.youtube.com/watch?v=OiJtPstjZrg,OiJtPstjZrg
106,"Jul 16, 2023",https://www.youtube.com/watch?v=QQfSBGRosvk,QQfSBGRosvk
107,"Premiered Jul 15, 2023",https://www.youtube.com/watch?v=FpOzrIP9NtA,FpOzrIP9NtA
108,"Jul 15, 2023",https://www.youtube.com/watch?v=IMCqhBxMuks,IMCqhBxMuks
109,"Jul 15, 2023",https://www.youtube.com/watch?v=qKqp2kaQpvY,qKqp2kaQpvY
110,"Jul 15, 2023",https://www.youtube.com/watch?v=rRsoL2OFU2M,rRsoL2OFU2M
111,"Jul 15, 2023",https://www.youtube.com/watch?v=XsGJGIgEXKA,XsGJGIgEXKA
112,"Jul 15, 2023",https://www.youtube.com/watch?v=wltVLr_P8LY,wltVLr_P8LY
113,"Jul 15, 2023",https://www.youtube.com/watch?v=Ws5IlKQ-CC8,Ws5IlKQ-CC8
114,"Jul 15, 2023",https://www.youtube.com/watch?v=pEI8mUNAUQk,pEI8mUNAUQk
115,"Premiered Jul 15, 2023",https://www.youtube.com/watch?v=AXMtX6L3bVo,AXMtX6L3bVo
116,"Jul 15, 2023",https://www.youtube.com/watch?v=iDF8c3Na0xc,iDF8c3Na0xc
117,"Jul 14, 2023",https://www.youtube.com/watch?v=UAuvmx3cPos,UAuvmx3cPos
118,"Jul 14, 2023",https://www.youtube.com/watch?v=Mfsn9xZ9pP0,Mfsn9xZ9pP0
119,"Jul 14, 2023",https://www.youtube.com/watch?v=BRYLg732Ajk,BRYLg732Ajk
120,"Jul 14, 2023",https://www.youtube.com/watch?v=iKbsZJ3Qn9g,iKbsZJ3Qn9g
121,"Premiered Jul 14, 2023",https://www.youtube.com/watch?v=RdVK0_LljRo,RdVK0_LljRo
122,"Jul 14, 2023",https://www.youtube.com/watch?v=IfDaIG3rsOg,IfDaIG3rsOg
123,"Premiered Jul 14, 2023",https://www.youtube.com/watch?v=3_iYqDuYYSc,3_iYqDuYYSc
124,"Jul 13, 2023",https://www.youtube.com/watch?v=EyYof1cQoKA,EyYof1cQoKA
125,"Jul 13, 2023",https://www.youtube.com/watch?v=EFqOKTGE-IU,EFqOKTGE-IU
126,"Jul 13, 2023",https://www.youtube.com/watch?v=dR9BS1E_PXw,dR9BS1E_PXw
127,"Jul 13, 2023",https://www.youtube.com/watch?v=wfr1a_XWvyA,wfr1a_XWvyA
128,"Jul 13, 2023",https://www.youtube.com/watch?v=1glWWQP5ENs,1glWWQP5ENs
129,"Jul 13, 2023",https://www.youtube.com/watch?v=ZAE1JwBoVoA,ZAE1JwBoVoA
130,"Jul 13, 2023",https://www.youtube.com/watch?v=aDBKcFpRknk,aDBKcFpRknk
131,"Jul 13, 2023",https://www.youtube.com/watch?v=C1f89eaxGWM,C1f89eaxGWM
132,"Jul 13, 2023",https://www.youtube.com/watch?v=truRtNvsBlw,truRtNvsBlw
133,"Jul 13, 2023",https://www.youtube.com/watch?v=R4EbMyHXMUs,R4EbMyHXMUs
134,"Jul 13, 2023",https://www.youtube.com/watch?v=wl7O0zwR42o,wl7O0zwR42o
135,"Jul 13, 2023",https://www.youtube.com/watch?v=2OG2milZZ6I,2OG2milZZ6I
136,"Jul 12, 2023",https://www.youtube.com/watch?v=OfmGYgLMbjs,OfmGYgLMbjs
137,"Jul 12, 2023",https://www.youtube.com/watch?v=7xR8O90DBf0,7xR8O90DBf0
138,"Jul 12, 2023",https://www.youtube.com/watch?v=9fAzyTza7W8,9fAzyTza7W8
139,"Jul 12, 2023",https://www.youtube.com/watch?v=B4dmO1fwHGM,B4dmO1fwHGM
140,"Jul 12, 2023",https://www.youtube.com/watch?v=oqSQQjxSuSI,oqSQQjxSuSI
141,"Jul 12, 2023",https://www.youtube.com/watch?v=ywzvlcQhn2I,ywzvlcQhn2I
142,"Jul 12, 2023",https://www.youtube.com/watch?v=TQqXRtVXcnA,TQqXRtVXcnA
143,"Jul 12, 2023",https://www.youtube.com/watch?v=HDi-5Ox9kgE,HDi-5Ox9kgE
144,"Jul 12, 2023",https://www.youtube.com/watch?v=QuAPfzCD6Zo,QuAPfzCD6Zo
145,"Jul 12, 2023",https://www.youtube.com/watch?v=Zbl1S06yixA,Zbl1S06yixA
146,"Jul 11, 2023",https://www.youtube.com/watch?v=vTdZtpWKw-Y,vTdZtpWKw-Y
147,"Jul 11, 2023",https://www.youtube.com/watch?v=_W-AKcLeLRw,_W-AKcLeLRw
148,"Jul 11, 2023",https://www.youtube.com/watch?v=S6wAXRF8_do,S6wAXRF8_do
149,"Jul 11, 2023",https://www.youtube.com/watch?v=BA66itXmfxQ,BA66itXmfxQ
150,"Jul 11, 2023",https://www.youtube.com/watch?v=6v41EcgDWMw,6v41EcgDWMw
151,"Jul 11, 2023",https://www.youtube.com/watch?v=9KNVLTYar0g,9KNVLTYar0g
152,"Jul 11, 2023",https://www.youtube.com/watch?v=UmciPIE_Ows,UmciPIE_Ows
153,"Premiered Jul 11, 2023",https://www.youtube.com/watch?v=c2_iQsyoulc,c2_iQsyoulc
154,"Jul 10, 2023",https://www.youtube.com/watch?v=norGD-p4R3o,norGD-p4R3o
155,"Jul 10, 2023",https://www.youtube.com/watch?v=AGPCLpPkGIA,AGPCLpPkGIA
156,"Jul 10, 2023",https://www.youtube.com/watch?v=xm6FnsNHBsQ,xm6FnsNHBsQ
157,"Jul 10, 2023",https://www.youtube.com/watch?v=SS_F-b5FDog,SS_F-b5FDog
158,"Jul 10, 2023",https://www.youtube.com/watch?v=SmS2QRjuSLc,SmS2QRjuSLc
159,"Jul 10, 2023",https://www.youtube.com/watch?v=vjcyf0myfeQ,vjcyf0myfeQ
160,"Premiered Jul 10, 2023",https://www.youtube.com/watch?v=jyZsX8OyrmQ,jyZsX8OyrmQ
161,"Jul 10, 2023",https://www.youtube.com/watch?v=774PKgf_Uz4,774PKgf_Uz4
162,"Jul 10, 2023",https://www.youtube.com/watch?v=oA2ciy-wh80,oA2ciy-wh80
163,"Jul 9, 2023",https://www.youtube.com/watch?v=SO74tGYb5og,SO74tGYb5og
164,"Jul 9, 2023",https://www.youtube.com/watch?v=-sUDGEcqNJM,-sUDGEcqNJM
165,"Jul 9, 2023",https://www.youtube.com/watch?v=GYHY1a2wz6Q,GYHY1a2wz6Q
166,"Jul 9, 2023",https://www.youtube.com/watch?v=RZDEnyl4HJY,RZDEnyl4HJY
167,"Jul 9, 2023",https://www.youtube.com/watch?v=TeaMjaCKEis,TeaMjaCKEis
168,"Jul 9, 2023",https://www.youtube.com/watch?v=qYwQC_Nkj3Q,qYwQC_Nkj3Q
169,"Jul 9, 2023",https://www.youtube.com/watch?v=snQdDbsTm0o,snQdDbsTm0o
170,"Jul 9, 2023",https://www.youtube.com/watch?v=v8Pc2XOpTCs,v8Pc2XOpTCs
171,"Jul 8, 2023",https://www.youtube.com/watch?v=Lghkbiwrauc,Lghkbiwrauc
172,"Jul 8, 2023",https://www.youtube.com/watch?v=JIcsSYkJ5gQ,JIcsSYkJ5gQ
173,"Jul 7, 2023",https://www.youtube.com/watch?v=swhjLMyWZDQ,swhjLMyWZDQ
174,"Jul 7, 2023",https://www.youtube.com/watch?v=dvcgpTlVerM,dvcgpTlVerM
175,"Jul 7, 2023",https://www.youtube.com/watch?v=m0HEWP5o7DI,m0HEWP5o7DI
176,"Jul 7, 2023",https://www.youtube.com/watch?v=Ca625m1vz-g,Ca625m1vz-g
177,"Jul 7, 2023",https://www.youtube.com/watch?v=74JCnCZva90,74JCnCZva90
178,"Jul 7, 2023",https://www.youtube.com/watch?v=4T-QaZiKxPQ,4T-QaZiKxPQ
179,"Premiered Jul 6, 2023",https://www.youtube.com/watch?v=jTgubN6NbJw,jTgubN6NbJw
180,"Jul 6, 2023",https://www.youtube.com/watch?v=jrOZ9RU7zXw,jrOZ9RU7zXw
181,"Jul 6, 2023",https://www.youtube.com/watch?v=UWceWcNym7k,UWceWcNym7k
182,"Jul 5, 2023",https://www.youtube.com/watch?v=jophtol6P-A,jophtol6P-A
183,"Jul 5, 2023",https://www.youtube.com/watch?v=nlNI_1ErmGA,nlNI_1ErmGA
184,"Jul 5, 2023",https://www.youtube.com/watch?v=Q6xrawvWA1M,Q6xrawvWA1M
185,"Jul 5, 2023",https://www.youtube.com/watch?v=6z6eXrFcfcg,6z6eXrFcfcg
186,"Jul 5, 2023",https://www.youtube.com/watch?v=8tXmfDmui4c,8tXmfDmui4c
187,"Jul 5, 2023",https://www.youtube.com/watch?v=Fd81aiHnFOQ,Fd81aiHnFOQ
188,"Jul 5, 2023",https://www.youtube.com/watch?v=MTLfgMjupKA,MTLfgMjupKA
189,"Jul 5, 2023",https://www.youtube.com/watch?v=qV1TbRqDWfU,qV1TbRqDWfU
190,"Jul 4, 2023",https://www.youtube.com/watch?v=Kx6WY-rxQQM,Kx6WY-rxQQM
191,"Jul 4, 2023",https://www.youtube.com/watch?v=2v0TwVp4XfM,2v0TwVp4XfM
192,"Jul 4, 2023",https://www.youtube.com/watch?v=uvGdMu8Xilg,uvGdMu8Xilg
193,"Jul 4, 2023",https://www.youtube.com/watch?v=22VumHyAwVo,22VumHyAwVo
194,"Jul 4, 2023",https://www.youtube.com/watch?v=IL3hoPmNfus,IL3hoPmNfus
195,"Jul 4, 2023",https://www.youtube.com/watch?v=Cb4G9PzcUtU,Cb4G9PzcUtU
196,"Premiered Jul 4, 2023",https://www.youtube.com/watch?v=dRftQa5ctKc,dRftQa5ctKc
197,"Jul 3, 2023",https://www.youtube.com/watch?v=0wUNGBPEvF4,0wUNGBPEvF4
198,"Premiered Jul 3, 2023",https://www.youtube.com/watch?v=K5fwbm-JT-A,K5fwbm-JT-A
199,"Jul 2, 2023",https://www.youtube.com/watch?v=hmZwuwbOjQo,hmZwuwbOjQo
200,"Jul 2, 2023",https://www.youtube.com/watch?v=1kn2Sdd12bE,1kn2Sdd12bE
201,"Jul 2, 2023",https://www.youtube.com/watch?v=9kwEtY01O-4,9kwEtY01O-4
202,"Jul 2, 2023",https://www.youtube.com/watch?v=sU_vrQ_plPs,sU_vrQ_plPs
203,"Jul 1, 2023",https://www.youtube.com/watch?v=R_XiBKkSAxY,R_XiBKkSAxY
204,"Jul 1, 2023",https://www.youtube.com/watch?v=roRSpk9mNEg,roRSpk9mNEg
205,"Jul 1, 2023",https://www.youtube.com/watch?v=77l9ol70P6U,77l9ol70P6U
206,"Jul 1, 2023",https://www.youtube.com/watch?v=6JehgiVUB5U,6JehgiVUB5U
207,"Jul 1, 2023",https://www.youtube.com/watch?v=7tCmU3jUwlE,7tCmU3jUwlE
208,"Jul 1, 2023",https://www.youtube.com/watch?v=yXCjj2jcm9g,yXCjj2jcm9g
209,"Jun 30, 2023",https://www.youtube.com/watch?v=AzZDh6gWGps,AzZDh6gWGps
210,"Jun 30, 2023",https://www.youtube.com/watch?v=9o3NjnwCh-8,9o3NjnwCh-8
211,"Jun 30, 2023",https://www.youtube.com/watch?v=pgkoQA7lbe8,pgkoQA7lbe8
212,"Jun 29, 2023",https://www.youtube.com/watch?v=ydrzUjGHi9I,ydrzUjGHi9I
213,"Jun 29, 2023",https://www.youtube.com/watch?v=DmsarGOD-o4,DmsarGOD-o4
214,"Jun 29, 2023",https://www.youtube.com/watch?v=9Iq8UCp1jYU,9Iq8UCp1jYU
215,"Jun 29, 2023",https://www.youtube.com/watch?v=PZu35g-z_Lg,PZu35g-z_Lg
216,"Premiered Jun 29, 2023",https://www.youtube.com/watch?v=_in9SMrUkD0,_in9SMrUkD0
217,"Jun 28, 2023",https://www.youtube.com/watch?v=-PirxyNxO_M,-PirxyNxO_M
218,"Jun 28, 2023",https://www.youtube.com/watch?v=zbdBfcM-v70,zbdBfcM-v70
219,"Jun 28, 2023",https://www.youtube.com/watch?v=yeLPbMbgwc0,yeLPbMbgwc0
220,"Jun 28, 2023",https://www.youtube.com/watch?v=sSA9EQLHW60,sSA9EQLHW60
221,"Jun 28, 2023",https://www.youtube.com/watch?v=qv5R2Ce9m6c,qv5R2Ce9m6c
222,"Jun 28, 2023",https://www.youtube.com/watch?v=oMHxtQtRdS8,oMHxtQtRdS8
223,"Jun 28, 2023",https://www.youtube.com/watch?v=VJ2QX8N8Hyo,VJ2QX8N8Hyo
224,"Jun 28, 2023",https://www.youtube.com/watch?v=3vxBE_LfWGw,3vxBE_LfWGw
